"year","month","anomaly"
1850,1,-0.7
1851,1,-0.296
1852,1,-0.315
1853,1,-0.182
1854,1,-0.365
1855,1,-0.169
1856,1,-0.122
1857,1,-0.513
1858,1,-0.528
1859,1,-0.308
1860,1,-0.181
1861,1,-0.893
1862,1,-0.742
1863,1,0.122
1864,1,-0.941
1865,1,-0.101
1866,1,0.037
1867,1,-0.313
1868,1,-0.7
1869,1,-0.249
1870,1,-0.082
1871,1,-0.528
1872,1,-0.31
1873,1,-0.03
1874,1,0.063
1875,1,-0.571
1876,1,-0.315
1877,1,-0.327
1878,1,0.174
1879,1,-0.193
1880,1,-0.067
1881,1,-0.353
1882,1,0.125
1883,1,-0.4
1884,1,-0.403
1885,1,-0.502
1886,1,-0.396
1887,1,-0.566
1888,1,-0.591
1889,1,-0.067
1890,1,-0.329
1891,1,-0.512
1892,1,-0.398
1893,1,-0.974
1894,1,-0.465
1895,1,-0.497
1896,1,-0.219
1897,1,-0.203
1898,1,-0.085
1899,1,-0.208
1900,1,-0.266
1901,1,-0.176
1902,1,-0.232
1903,1,-0.269
1904,1,-0.644
1905,1,-0.46
1906,1,-0.075
1907,1,-0.431
1908,1,-0.412
1909,1,-0.579
1910,1,-0.352
1911,1,-0.554
1912,1,-0.361
1913,1,-0.451
1914,1,-0.079
1915,1,-0.111
1916,1,-0.235
1917,1,-0.68
1918,1,-0.501
1919,1,-0.106
1920,1,-0.239
1921,1,-0.141
1922,1,-0.387
1923,1,-0.237
1924,1,-0.315
1925,1,-0.403
1926,1,0.086
1927,1,-0.261
1928,1,-0.054
1929,1,-0.487
1930,1,-0.327
1931,1,-0.007
1932,1,0.157
1933,1,-0.295
1934,1,-0.225
1935,1,-0.233
1936,1,-0.31
1937,1,-0.134
1938,1,0.013
1939,1,-0.068
1940,1,-0.192
1941,1,-0.092
1942,1,0.206
1943,1,-0.214
1944,1,0.281
1945,1,-0.01
1946,1,0.096
1947,1,-0.113
1948,1,0.089
1949,1,0.149
1950,1,-0.318
1951,1,-0.354
1952,1,0.184
1953,1,0.064
1954,1,-0.237
1955,1,0.124
1956,1,-0.247
1957,1,-0.167
1958,1,0.267
1959,1,0.087
1960,1,-0.032
1961,1,0.045
1962,1,0.053
1963,1,-0.045
1964,1,-0.053
1965,1,-0.106
1966,1,-0.094
1967,1,-0.172
1968,1,-0.241
1969,1,-0.172
1970,1,0.07
1971,1,-0.102
1972,1,-0.379
1973,1,0.147
1974,1,-0.372
1975,1,-0.075
1976,1,-0.233
1977,1,-0.074
1978,1,0.017
1979,1,-0.029
1980,1,0.134
1981,1,0.329
1982,1,-0.045
1983,1,0.428
1984,1,0.118
1985,1,0.011
1986,1,0.124
1987,1,0.112
1988,1,0.388
1989,1,0.012
1990,1,0.217
1991,1,0.288
1992,1,0.367
1993,1,0.307
1994,1,0.182
1995,1,0.421
1996,1,0.116
1997,1,0.211
1998,1,0.489
1999,1,0.347
2000,1,0.224
2001,1,0.357
2002,1,0.654
2003,1,0.6
2004,1,0.507
2005,1,0.549
2006,1,0.383
2007,1,0.828
2008,1,0.158
2009,1,0.478
2010,1,0.56
2011,1,0.315
2012,1,0.31
2013,1,0.471
2014,1,0.534
2015,1,0.705
2017,1,0.739
2018,1,0.554
2019,1,0.738
2020,1,0.982
2021,1,0.538
1850,2,-0.286
1851,2,-0.356
1852,2,-0.477
1853,2,-0.327
1854,2,-0.282
1855,2,-0.401
1856,2,-0.376
1857,2,-0.345
1858,2,-0.708
1859,2,-0.189
1860,2,-0.426
1861,2,-0.508
1862,2,-0.78
1863,2,-0.024
1864,2,-0.632
1865,2,-0.615
1866,2,-0.216
1867,2,0.007
1868,2,-0.471
1869,2,0.258
1870,2,-0.453
1871,2,-0.548
1872,2,-0.405
1873,2,-0.344
1874,2,-0.435
1875,2,-0.597
1876,2,-0.279
1877,2,0.049
1878,2,0.403
1879,2,-0.149
1880,2,-0.173
1881,2,-0.234
1882,2,-0.008
1883,2,-0.321
1884,2,-0.217
1885,2,-0.412
1886,2,-0.47
1887,2,-0.556
1888,2,-0.44
1889,2,-0.082
1890,2,-0.368
1891,2,-0.474
1892,2,-0.112
1893,2,-0.727
1894,2,-0.374
1895,2,-0.677
1896,2,-0.23
1897,2,-0.125
1898,2,-0.38
1899,2,-0.494
1900,2,-0.172
1901,2,-0.272
1902,2,-0.26
1903,2,-0.181
1904,2,-0.59
1905,2,-0.703
1906,2,-0.225
1907,2,-0.512
1908,2,-0.413
1909,2,-0.531
1910,2,-0.514
1911,2,-0.753
1912,2,-0.288
1913,2,-0.508
1914,2,-0.211
1915,2,-0.044
1916,2,-0.181
1917,2,-0.765
1918,2,-0.514
1919,2,-0.085
1920,2,-0.427
1921,2,-0.183
1922,2,-0.275
1923,2,-0.419
1924,2,-0.204
1925,2,-0.308
1926,2,-0.042
1927,2,-0.146
1928,2,-0.133
1929,2,-0.67
1930,2,-0.287
1931,2,-0.162
1932,2,-0.196
1933,2,-0.324
1934,2,-0.165
1935,2,0.101
1936,2,-0.365
1937,2,0.039
1938,2,0.017
1939,2,-0.045
1940,2,-0.043
1941,2,-0.017
1942,2,-0.088
1943,2,0.068
1944,2,0.125
1945,2,-0.103
1946,2,0.039
1947,2,-0.174
1948,2,-0.123
1949,2,-0.144
1950,2,-0.25
1951,2,-0.461
1952,2,0.13
1953,2,0.147
1954,2,-0.086
1955,2,-0.168
1956,2,-0.346
1957,2,-0.131
1958,2,0.184
1959,2,0.033
1960,2,0.104
1961,2,0.177
1962,2,0.135
1963,2,0.148
1964,2,-0.127
1965,2,-0.249
1966,2,-0.093
1967,2,-0.237
1968,2,-0.212
1969,2,-0.168
1970,2,0.144
1971,2,-0.289
1972,2,-0.291
1973,2,0.278
1974,2,-0.41
1975,2,-0.093
1976,2,-0.329
1977,2,0.077
1978,2,-0.035
1979,2,-0.138
1980,2,0.217
1981,2,0.197
1982,2,0.006
1983,2,0.313
1984,2,0.013
1985,2,-0.133
1986,2,0.09
1987,2,0.302
1988,2,0.233
1989,2,0.149
1990,2,0.307
1991,2,0.298
1992,2,0.319
1993,2,0.253
1994,2,-0.048
1995,2,0.601
1996,2,0.323
1997,2,0.313
1998,2,0.763
1999,2,0.583
2000,2,0.449
2001,2,0.319
2002,2,0.703
2003,2,0.459
2004,2,0.613
2005,2,0.396
2006,2,0.571
2007,2,0.567
2008,2,0.235
2009,2,0.443
2010,2,0.592
2011,2,0.324
2012,2,0.301
2013,2,0.498
2014,2,0.327
2015,2,0.689
2017,2,0.845
2018,2,0.528
2019,2,0.662
2020,2,1.001
2021,2,0.492
1850,3,-0.732
1851,3,-0.479
1852,3,-0.502
1853,3,-0.309
1854,3,-0.286
1855,3,-0.306
1856,3,-0.528
1857,3,-0.434
1858,3,-0.548
1859,3,-0.327
1860,3,-0.642
1861,3,-0.464
1862,3,-0.403
1863,3,-0.365
1864,3,-0.507
1865,3,-0.646
1866,3,-0.596
1867,3,-0.714
1868,3,-0.079
1869,3,-0.591
1870,3,-0.4
1871,3,0.003
1872,3,-0.47
1873,3,-0.29
1874,3,-0.556
1875,3,-0.597
1876,3,-0.388
1877,3,-0.28
1878,3,0.343
1879,3,-0.094
1880,3,-0.104
1881,3,-0.181
1882,3,-0.051
1883,3,-0.346
1884,3,-0.459
1885,3,-0.482
1886,3,-0.412
1887,3,-0.457
1888,3,-0.534
1889,3,-0.064
1890,3,-0.463
1891,3,-0.363
1892,3,-0.47
1893,3,-0.373
1894,3,-0.38
1895,3,-0.519
1896,3,-0.387
1897,3,-0.275
1898,3,-0.749
1899,3,-0.544
1900,3,-0.285
1901,3,-0.236
1902,3,-0.398
1903,3,-0.358
1904,3,-0.661
1905,3,-0.462
1906,3,-0.284
1907,3,-0.338
1908,3,-0.636
1909,3,-0.69
1910,3,-0.487
1911,3,-0.701
1912,3,-0.385
1913,3,-0.537
1914,3,-0.326
1915,3,-0.187
1916,3,-0.406
1917,3,-0.832
1918,3,-0.445
1919,3,-0.306
1920,3,-0.119
1921,3,-0.249
1922,3,-0.267
1923,3,-0.412
1924,3,-0.271
1925,3,-0.23
1926,3,-0.028
1927,3,-0.333
1928,3,-0.344
1929,3,-0.409
1930,3,-0.15
1931,3,-0.123
1932,3,-0.243
1933,3,-0.348
1934,3,-0.396
1935,3,-0.23
1936,3,-0.31
1937,3,-0.279
1938,3,0.057
1939,3,-0.271
1940,3,-0.119
1941,3,-0.136
1942,3,-0.09
1943,3,-0.204
1944,3,0.135
1945,3,-0.048
1946,3,-0.062
1947,3,-0.064
1948,3,-0.178
1949,3,-0.175
1950,3,-0.181
1951,3,-0.293
1952,3,-0.131
1953,3,0.126
1954,3,-0.153
1955,3,-0.405
1956,3,-0.315
1957,3,-0.188
1958,3,0.001
1959,3,0.079
1960,3,-0.314
1961,3,0.093
1962,3,0.028
1963,3,-0.147
1964,3,-0.278
1965,3,-0.218
1966,3,-0.067
1967,3,-0.05
1968,3,0.036
1969,3,-0.005
1970,3,-0.069
1971,3,-0.282
1972,3,-0.132
1973,3,0.226
1974,3,-0.229
1975,3,-0.077
1976,3,-0.445
1977,3,0.102
1978,3,0.028
1979,3,0.016
1980,3,0.069
1981,3,0.208
1982,3,-0.129
1983,3,0.213
1984,3,0.049
1985,3,-0.026
1986,3,0.075
1987,3,0.022
1988,3,0.262
1989,3,0.136
1990,3,0.562
1991,3,0.198
1992,3,0.258
1993,3,0.239
1994,3,0.222
1995,3,0.322
1996,3,0.186
1997,3,0.344
1998,3,0.549
1999,3,0.226
2000,3,0.382
2001,3,0.51
2002,3,0.701
2003,3,0.45
2004,3,0.532
2005,3,0.565
2006,3,0.461
2007,3,0.517
2008,3,0.559
2009,3,0.404
2010,3,0.682
2011,3,0.42
2012,3,0.36
2013,3,0.421
2014,3,0.584
2015,3,0.708
2017,3,0.873
2018,3,0.615
2019,3,0.874
2020,3,1.017
2021,3,0.634
1850,4,-0.563
1851,4,-0.441
1852,4,-0.557
1853,4,-0.355
1854,4,-0.353
1855,4,-0.223
1856,4,-0.38
1857,4,-0.649
1858,4,-0.512
1859,4,-0.195
1860,4,-0.332
1861,4,-0.386
1862,4,-0.24
1863,4,-0.244
1864,4,-0.548
1865,4,-0.236
1866,4,-0.265
1867,4,-0.266
1868,4,-0.381
1869,4,-0.221
1870,4,-0.206
1871,4,-0.139
1872,4,-0.15
1873,4,-0.524
1874,4,-0.504
1875,4,-0.466
1876,4,-0.298
1877,4,-0.321
1878,4,0.319
1879,4,-0.214
1880,4,-0.15
1881,4,-0.131
1882,4,-0.283
1883,4,-0.397
1884,4,-0.527
1885,4,-0.469
1886,4,-0.338
1887,4,-0.435
1888,4,-0.238
1889,4,0.01
1890,4,-0.324
1891,4,-0.358
1892,4,-0.484
1893,4,-0.567
1894,4,-0.388
1895,4,-0.405
1896,4,-0.352
1897,4,-0.076
1898,4,-0.573
1899,4,-0.351
1900,4,-0.261
1901,4,-0.187
1902,4,-0.451
1903,4,-0.473
1904,4,-0.553
1905,4,-0.555
1906,4,-0.115
1907,4,-0.507
1908,4,-0.55
1909,4,-0.604
1910,4,-0.45
1911,4,-0.717
1912,4,-0.342
1913,4,-0.431
1914,4,-0.39
1915,4,-0.046
1916,4,-0.339
1917,4,-0.477
1918,4,-0.49
1919,4,-0.072
1920,4,-0.264
1921,4,-0.22
1922,4,-0.235
1923,4,-0.36
1924,4,-0.283
1925,4,-0.273
1926,4,-0.176
1927,4,-0.258
1928,4,-0.251
1929,4,-0.389
1930,4,-0.201
1931,4,-0.182
1932,4,-0.069
1933,4,-0.222
1934,4,-0.25
1935,4,-0.273
1936,4,-0.213
1937,4,-0.135
1938,4,0.077
1939,4,-0.106
1940,4,0.047
1941,4,0.019
1942,4,-0.065
1943,4,-0.003
1944,4,0.046
1945,4,0.168
1946,4,0.139
1947,4,0.089
1948,4,-0.045
1949,4,0.004
1950,4,-0.173
1951,4,-0.108
1952,4,0.053
1953,4,0.191
1954,4,-0.145
1955,4,-0.246
1956,4,-0.335
1957,4,-0.064
1958,4,0.035
1959,4,0.046
1960,4,-0.176
1961,4,0.096
1962,4,0.024
1963,4,-0.069
1964,4,-0.246
1965,4,-0.255
1966,4,-0.105
1967,4,-0.063
1968,4,-0.169
1969,4,0.106
1970,4,0.056
1971,4,-0.237
1972,4,-0.077
1973,4,0.162
1974,4,-0.18
1975,4,-0.09
1976,4,-0.195
1977,4,0.094
1978,4,-0.061
1979,4,-0.05
1980,4,0.144
1981,4,0.131
1982,4,0.029
1983,4,0.12
1984,4,-0.046
1985,4,-0.04
1986,4,0.078
1987,4,0.095
1988,4,0.225
1989,4,0.081
1990,4,0.366
1991,4,0.383
1992,4,0.137
1993,4,0.131
1994,4,0.21
1995,4,0.285
1996,4,0.13
1997,4,0.266
1998,4,0.65
1999,4,0.324
2000,4,0.479
2001,4,0.462
2002,4,0.46
2003,4,0.437
2004,4,0.477
2005,4,0.611
2006,4,0.407
2007,4,0.587
2008,4,0.327
2009,4,0.511
2010,4,0.689
2011,4,0.491
2012,4,0.574
2013,4,0.45
2014,4,0.667
2015,4,0.673
2017,4,0.737
2018,4,0.627
2019,4,0.78
2020,4,0.8
2021,4,0.598
1850,5,-0.327
1851,5,-0.295
1852,5,-0.211
1853,5,-0.268
1854,5,-0.233
1855,5,-0.338
1856,5,-0.129
1857,5,-0.57
1858,5,-0.653
1859,5,-0.307
1860,5,-0.293
1861,5,-0.768
1862,5,-0.225
1863,5,-0.329
1864,5,-0.454
1865,5,-0.265
1866,5,-0.53
1867,5,-0.546
1868,5,-0.077
1869,5,-0.281
1870,5,-0.168
1871,5,-0.309
1872,5,-0.041
1873,5,-0.412
1874,5,-0.467
1875,5,-0.175
1876,5,-0.533
1877,5,-0.454
1878,5,-0.082
1879,5,-0.212
1880,5,-0.244
1881,5,-0.03
1882,5,-0.372
1883,5,-0.256
1884,5,-0.396
1885,5,-0.518
1886,5,-0.188
1887,5,-0.355
1888,5,-0.347
1889,5,-0.08
1890,5,-0.417
1891,5,-0.199
1892,5,-0.403
1893,5,-0.559
1894,5,-0.421
1895,5,-0.415
1896,5,-0.205
1897,5,-0.031
1898,5,-0.474
1899,5,-0.316
1900,5,-0.273
1901,5,-0.196
1902,5,-0.401
1903,5,-0.463
1904,5,-0.527
1905,5,-0.344
1906,5,-0.329
1907,5,-0.555
1908,5,-0.474
1909,5,-0.586
1910,5,-0.466
1911,5,-0.6
1912,5,-0.375
1913,5,-0.513
1914,5,-0.282
1915,5,-0.196
1916,5,-0.351
1917,5,-0.662
1918,5,-0.426
1919,5,-0.255
1920,5,-0.2
1921,5,-0.203
1922,5,-0.371
1923,5,-0.319
1924,5,-0.245
1925,5,-0.256
1926,5,-0.217
1927,5,-0.257
1928,5,-0.281
1929,5,-0.391
1930,5,-0.201
1931,5,-0.166
1932,5,-0.169
1933,5,-0.213
1934,5,-0.082
1935,5,-0.245
1936,5,-0.16
1937,5,-0.083
1938,5,-0.092
1939,5,-0.031
1940,5,0.019
1941,5,-0.022
1942,5,-0.019
1943,5,-0.018
1944,5,0.057
1945,5,-0.108
1946,5,-0.11
1947,5,-0.057
1948,5,0.101
1949,5,-0.053
1950,5,-0.094
1951,5,-0.015
1952,5,0.036
1953,5,0.138
1954,5,-0.205
1955,5,-0.232
1956,5,-0.28
1957,5,0.049
1958,5,0.032
1959,5,-0.01
1960,5,-0.156
1961,5,0.092
1962,5,-0.047
1963,5,-0.022
1964,5,-0.177
1965,5,-0.162
1966,5,-0.138
1967,5,0.076
1968,5,-0.218
1969,5,0.132
1970,5,-0.036
1971,5,-0.214
1972,5,-0.065
1973,5,0.085
1974,5,-0.196
1975,5,-0.086
1976,5,-0.317
1977,5,0.072
1978,5,-0.085
1979,5,-0.033
1980,5,0.142
1981,5,0.066
1982,5,0.04
1983,5,0.137
1984,5,0.092
1985,5,-0.003
1986,5,0.045
1987,5,0.148
1988,5,0.211
1989,5,0.079
1990,5,0.278
1991,5,0.303
1992,5,0.173
1993,5,0.178
1994,5,0.268
1995,5,0.218
1996,5,0.224
1997,5,0.286
1998,5,0.582
1999,5,0.245
2000,5,0.279
2001,5,0.418
2002,5,0.427
2003,5,0.473
2004,5,0.311
2005,5,0.518
2006,5,0.405
2007,5,0.448
2008,5,0.34
2009,5,0.441
2010,5,0.592
2011,5,0.393
2012,5,0.573
2013,5,0.525
2014,5,0.608
2015,5,0.711
2017,5,0.659
2018,5,0.587
2019,5,0.61
2020,5,0.714
2021,5,0.627
1850,6,-0.213
1851,6,-0.197
1852,6,-0.04
1853,6,-0.175
1854,6,-0.219
1855,6,-0.167
1856,6,-0.291
1857,6,-0.31
1858,6,-0.582
1859,6,-0.248
1860,6,-0.309
1861,6,-0.189
1862,6,-0.336
1863,6,-0.402
1864,6,-0.165
1865,6,-0.285
1866,6,0.098
1867,6,-0.304
1868,6,-0.178
1869,6,-0.376
1870,6,-0.216
1871,6,-0.222
1872,6,-0.205
1873,6,-0.257
1874,6,-0.457
1875,6,-0.233
1876,6,-0.282
1877,6,-0.092
1878,6,0.019
1879,6,-0.27
1880,6,-0.307
1881,6,-0.23
1882,6,-0.315
1883,6,-0.124
1884,6,-0.411
1885,6,-0.486
1886,6,-0.382
1887,6,-0.404
1888,6,-0.292
1889,6,-0.144
1890,6,-0.371
1891,6,-0.288
1892,6,-0.461
1893,6,-0.459
1894,6,-0.493
1895,6,-0.333
1896,6,-0.119
1897,6,-0.155
1898,6,-0.319
1899,6,-0.39
1900,6,-0.18
1901,6,-0.146
1902,6,-0.424
1903,6,-0.537
1904,6,-0.522
1905,6,-0.314
1906,6,-0.287
1907,6,-0.524
1908,6,-0.472
1909,6,-0.512
1910,6,-0.482
1911,6,-0.567
1912,6,-0.312
1913,6,-0.505
1914,6,-0.281
1915,6,-0.215
1916,6,-0.472
1917,6,-0.357
1918,6,-0.329
1919,6,-0.252
1920,6,-0.211
1921,6,-0.121
1922,6,-0.324
1923,6,-0.243
1924,6,-0.214
1925,6,-0.257
1926,6,-0.087
1927,6,-0.236
1928,6,-0.337
1929,6,-0.351
1930,6,-0.165
1931,6,-0.04
1932,6,-0.191
1933,6,-0.261
1934,6,-0.043
1935,6,-0.188
1936,6,-0.161
1937,6,-0.006
1938,6,-0.059
1939,6,0.062
1940,6,0.034
1941,6,0.119
1942,6,0.034
1943,6,-0.096
1944,6,0.152
1945,6,-0.003
1946,6,-0.255
1947,6,0.004
1948,6,0.069
1949,6,-0.184
1950,6,-0.076
1951,6,0.033
1952,6,0.039
1953,6,0.167
1954,6,-0.126
1955,6,-0.163
1956,6,-0.23
1957,6,0.082
1958,6,-0.015
1959,6,0.062
1960,6,-0.03
1961,6,0.111
1962,6,-0.052
1963,6,-0.033
1964,6,-0.161
1965,6,-0.11
1966,6,0.038
1967,6,-0.081
1968,6,-0.107
1969,6,0.025
1970,6,-0.015
1971,6,-0.235
1972,6,0.008
1973,6,0.11
1974,6,-0.153
1975,6,-0.086
1976,6,-0.25
1977,6,0.112
1978,6,-0.135
1979,6,0.058
1980,6,0.07
1981,6,0.125
1982,6,-0.055
1983,6,0.134
1984,6,-0.015
1985,6,-0.061
1986,6,0.049
1987,6,0.127
1988,6,0.221
1989,6,0.074
1990,6,0.277
1991,6,0.306
1992,6,0.13
1993,6,0.179
1994,6,0.262
1995,6,0.312
1996,6,0.168
1997,6,0.411
1998,6,0.591
1999,6,0.273
2000,6,0.27
2001,6,0.419
2002,6,0.471
2003,6,0.454
2004,6,0.322
2005,6,0.552
2006,6,0.518
2007,6,0.42
2008,6,0.365
2009,6,0.546
2010,6,0.585
2011,6,0.494
2012,6,0.556
2013,6,0.501
2014,6,0.625
2015,6,0.743
2017,6,0.641
2018,6,0.573
2019,6,0.708
2020,6,0.682
2021,6,0.672
1850,7,-0.125
1851,7,-0.212
1852,7,-0.018
1853,7,-0.059
1854,7,-0.227
1855,7,-0.271
1856,7,-0.304
1857,7,-0.541
1858,7,-0.329
1859,7,-0.274
1860,7,-0.109
1861,7,-0.221
1862,7,-0.344
1863,7,-0.423
1864,7,-0.159
1865,7,-0.136
1866,7,0.018
1867,7,-0.247
1868,7,0.138
1869,7,-0.293
1870,7,0.018
1871,7,-0.013
1872,7,-0.113
1873,7,-0.15
1874,7,-0.169
1875,7,-0.299
1876,7,-0.137
1877,7,0.013
1878,7,-0.049
1879,7,-0.23
1880,7,-0.247
1881,7,-0.148
1882,7,-0.187
1883,7,-0.2
1884,7,-0.424
1885,7,-0.316
1886,7,-0.28
1887,7,-0.274
1888,7,-0.304
1889,7,-0.191
1890,7,-0.405
1891,7,-0.323
1892,7,-0.526
1893,7,-0.277
1894,7,-0.315
1895,7,-0.348
1896,7,-0.112
1897,7,-0.157
1898,7,-0.377
1899,7,-0.275
1900,7,-0.19
1901,7,-0.188
1902,7,-0.391
1903,7,-0.485
1904,7,-0.522
1905,7,-0.297
1906,7,-0.315
1907,7,-0.402
1908,7,-0.469
1909,7,-0.573
1910,7,-0.466
1911,7,-0.51
1912,7,-0.453
1913,7,-0.431
1914,7,-0.328
1915,7,-0.1
1916,7,-0.378
1917,7,-0.122
1918,7,-0.336
1919,7,-0.362
1920,7,-0.285
1921,7,-0.14
1922,7,-0.229
1923,7,-0.352
1924,7,-0.263
1925,7,-0.214
1926,7,-0.239
1927,7,-0.147
1928,7,-0.166
1929,7,-0.358
1930,7,-0.122
1931,7,0.002
1932,7,-0.128
1933,7,-0.185
1934,7,-0.068
1935,7,-0.142
1936,7,-0.021
1937,7,0.055
1938,7,-0.044
1939,7,0.047
1940,7,0.145
1941,7,0.122
1942,7,-0.081
1943,7,0.003
1944,7,0.22
1945,7,-0.084
1946,7,-0.043
1947,7,-0.003
1948,7,-0.104
1949,7,-0.099
1950,7,-0.044
1951,7,0.041
1952,7,0.1
1953,7,0.048
1954,7,-0.199
1955,7,-0.199
1956,7,-0.206
1957,7,0
1958,7,0.041
1959,7,0.03
1960,7,-0.028
1961,7,0.019
1962,7,0.018
1963,7,0.111
1964,7,-0.172
1965,7,-0.183
1966,7,0.03
1967,7,-0.063
1968,7,-0.102
1969,7,0.038
1970,7,-0.05
1971,7,-0.13
1972,7,-0.017
1973,7,0.026
1974,7,-0.127
1975,7,-0.11
1976,7,-0.182
1977,7,0.065
1978,7,-0.066
1979,7,0.054
1980,7,0.061
1981,7,0.089
1982,7,-0.016
1983,7,0.152
1984,7,-0.037
1985,7,-0.06
1986,7,-0.002
1987,7,0.269
1988,7,0.173
1989,7,0.156
1990,7,0.231
1991,7,0.307
1992,7,-0.016
1993,7,0.131
1994,7,0.17
1995,7,0.331
1996,7,0.221
1997,7,0.373
1998,7,0.673
1999,7,0.288
2000,7,0.261
2001,7,0.464
2002,7,0.491
2003,7,0.475
2004,7,0.359
2005,7,0.547
2006,7,0.486
2007,7,0.439
2008,7,0.451
2009,7,0.536
2010,7,0.615
2011,7,0.511
2012,7,0.507
2013,7,0.518
2014,7,0.544
2015,7,0.697
2017,7,0.651
2018,7,0.594
2019,7,0.706
2020,7,0.695
2021,7,0.725
1850,8,-0.237
1851,8,-0.157
1852,8,-0.202
1853,8,-0.148
1854,8,-0.167
1855,8,-0.163
1856,8,-0.309
1857,8,-0.329
1858,8,-0.278
1859,8,-0.1
1860,8,-0.182
1861,8,-0.094
1862,8,-0.7
1863,8,-0.326
1864,8,-0.311
1865,8,-0.21
1866,8,-0.273
1867,8,-0.234
1868,8,-0.041
1869,8,-0.084
1870,8,-0.259
1871,8,-0.221
1872,8,-0.027
1873,8,-0.159
1874,8,-0.363
1875,8,-0.18
1876,8,-0.248
1877,8,0.147
1878,8,-0.023
1879,8,-0.167
1880,8,-0.116
1881,8,-0.123
1882,8,-0.221
1883,8,-0.21
1884,8,-0.413
1885,8,-0.505
1886,8,-0.335
1887,8,-0.362
1888,8,-0.278
1889,8,-0.22
1890,8,-0.416
1891,8,-0.313
1892,8,-0.443
1893,8,-0.291
1894,8,-0.341
1895,8,-0.261
1896,8,-0.063
1897,8,-0.149
1898,8,-0.306
1899,8,-0.147
1900,8,-0.185
1901,8,-0.196
1902,8,-0.368
1903,8,-0.587
1904,8,-0.477
1905,8,-0.301
1906,8,-0.319
1907,8,-0.452
1908,8,-0.532
1909,8,-0.317
1910,8,-0.436
1911,8,-0.5
1912,8,-0.559
1913,8,-0.39
1914,8,-0.214
1915,8,-0.065
1916,8,-0.342
1917,8,-0.226
1918,8,-0.358
1919,8,-0.336
1920,8,-0.233
1921,8,-0.283
1922,8,-0.348
1923,8,-0.377
1924,8,-0.284
1925,8,-0.128
1926,8,-0.09
1927,8,-0.145
1928,8,-0.176
1929,8,-0.185
1930,8,-0.056
1931,8,-0.054
1932,8,-0.197
1933,8,-0.179
1934,8,-0.058
1935,8,-0.154
1936,8,-0.045
1937,8,0.085
1938,8,0.015
1939,8,0.036
1940,8,0.043
1941,8,0.024
1942,8,-0.067
1943,8,-0.009
1944,8,0.236
1945,8,0.364
1946,8,-0.147
1947,8,-0.04
1948,8,-0.003
1949,8,-0.042
1950,8,-0.12
1951,8,0.135
1952,8,0.093
1953,8,0.099
1954,8,-0.093
1955,8,-0.062
1956,8,-0.25
1957,8,0.093
1958,8,0.004
1959,8,0.047
1960,8,0.008
1961,8,0.033
1962,8,-0.005
1963,8,0.126
1964,8,-0.256
1965,8,-0.106
1966,8,-0.017
1967,8,-0.061
1968,8,-0.059
1969,8,0.054
1970,8,-0.093
1971,8,-0.168
1972,8,0.016
1973,8,0.017
1974,8,-0.083
1975,8,-0.18
1976,8,-0.202
1977,8,-0.001
1978,8,-0.185
1979,8,0.083
1980,8,0.038
1981,8,0.121
1982,8,-0.009
1983,8,0.2
1984,8,0.041
1985,8,0.026
1986,8,0.002
1987,8,0.237
1988,8,0.176
1989,8,0.177
1990,8,0.25
1991,8,0.258
1992,8,0.007
1993,8,0.097
1994,8,0.186
1995,8,0.357
1996,8,0.207
1997,8,0.44
1998,8,0.605
1999,8,0.228
2000,8,0.353
2001,8,0.505
2002,8,0.453
2003,8,0.549
2004,8,0.394
2005,8,0.538
2006,8,0.535
2007,8,0.44
2008,8,0.432
2009,8,0.586
2010,8,0.539
2011,8,0.491
2012,8,0.536
2013,8,0.541
2014,8,0.677
2015,8,0.74
2017,8,0.714
2018,8,0.586
2019,8,0.719
2020,8,0.735
2021,8,0.711
1850,9,-0.439
1851,9,-0.101
1852,9,-0.125
1853,9,-0.404
1854,9,-0.119
1855,9,-0.336
1856,9,-0.461
1857,9,-0.393
1858,9,-0.332
1859,9,-0.565
1860,9,-0.217
1861,9,-0.33
1862,9,-0.42
1863,9,-0.316
1864,9,-0.445
1865,9,-0.085
1866,9,-0.232
1867,9,-0.103
1868,9,-0.202
1869,9,-0.196
1870,9,-0.264
1871,9,-0.453
1872,9,-0.128
1873,9,-0.355
1874,9,-0.204
1875,9,-0.268
1876,9,-0.436
1877,9,0.028
1878,9,0.017
1879,9,-0.215
1880,9,-0.235
1881,9,-0.24
1882,9,-0.156
1883,9,-0.279
1884,9,-0.346
1885,9,-0.329
1886,9,-0.432
1887,9,-0.337
1888,9,-0.219
1889,9,-0.381
1890,9,-0.473
1891,9,-0.193
1892,9,-0.325
1893,9,-0.43
1894,9,-0.458
1895,9,-0.284
1896,9,-0.109
1897,9,-0.135
1898,9,-0.332
1899,9,-0.136
1900,9,-0.23
1901,9,-0.343
1902,9,-0.361
1903,9,-0.518
1904,9,-0.478
1905,9,-0.313
1906,9,-0.385
1907,9,-0.405
1908,9,-0.454
1909,9,-0.398
1910,9,-0.441
1911,9,-0.511
1912,9,-0.557
1913,9,-0.426
1914,9,-0.255
1915,9,-0.128
1916,9,-0.335
1917,9,-0.125
1918,9,-0.243
1919,9,-0.239
1920,9,-0.139
1921,9,-0.165
1922,9,-0.282
1923,9,-0.327
1924,9,-0.284
1925,9,-0.191
1926,9,-0.097
1927,9,-0.134
1928,9,-0.221
1929,9,-0.265
1930,9,-0.079
1931,9,-0.05
1932,9,-0.039
1933,9,-0.235
1934,9,-0.101
1935,9,-0.141
1936,9,-0.108
1937,9,0.115
1938,9,0.056
1939,9,-0.081
1940,9,0.122
1941,9,-0.135
1942,9,0.002
1943,9,-0.025
1944,9,0.293
1945,9,0.161
1946,9,-0.015
1947,9,-0.068
1948,9,-0.056
1949,9,-0.079
1950,9,-0.106
1951,9,0.091
1952,9,0.1
1953,9,0.077
1954,9,-0.086
1955,9,-0.114
1956,9,-0.283
1957,9,0.037
1958,9,-0.053
1959,9,0.041
1960,9,0.064
1961,9,-0.029
1962,9,-0.017
1963,9,0.127
1964,9,-0.282
1965,9,-0.088
1966,9,-0.038
1967,9,-0.093
1968,9,-0.086
1969,9,0.019
1970,9,-0.04
1971,9,-0.124
1972,9,-0.053
1973,9,-0.042
1974,9,-0.129
1975,9,-0.126
1976,9,-0.162
1977,9,0.033
1978,9,-0.054
1979,9,0.092
1980,9,0.039
1981,9,0.072
1982,9,0.075
1983,9,0.188
1984,9,0.033
1985,9,-0.032
1986,9,0.011
1987,9,0.274
1988,9,0.183
1989,9,0.142
1990,9,0.178
1991,9,0.243
1992,9,-0.064
1993,9,0.07
1994,9,0.19
1995,9,0.263
1996,9,0.104
1997,9,0.479
1998,9,0.4
1999,9,0.305
2000,9,0.312
2001,9,0.431
2002,9,0.424
2003,9,0.536
2004,9,0.438
2005,9,0.574
2006,9,0.503
2007,9,0.455
2008,9,0.407
2009,9,0.567
2010,9,0.448
2011,9,0.446
2012,9,0.556
2013,9,0.546
2014,9,0.601
2015,9,0.796
2017,9,0.557
2018,9,0.598
2019,9,0.713
2020,9,0.714
2021,9,0.681
1850,10,-0.451
1851,10,-0.057
1852,10,-0.216
1853,10,-0.362
1854,10,-0.192
1855,10,-0.217
1856,10,-0.391
1857,10,-0.474
1858,10,-0.211
1859,10,-0.249
1860,10,-0.195
1861,10,-0.362
1862,10,-0.42
1863,10,-0.384
1864,10,-0.706
1865,10,-0.27
1866,10,-0.425
1867,10,-0.186
1868,10,-0.238
1869,10,-0.417
1870,10,-0.403
1871,10,-0.48
1872,10,-0.227
1873,10,-0.401
1874,10,-0.433
1875,10,-0.363
1876,10,-0.388
1877,10,0.062
1878,10,-0.122
1879,10,-0.122
1880,10,-0.386
1881,10,-0.275
1882,10,-0.329
1883,10,-0.379
1884,10,-0.332
1885,10,-0.242
1886,10,-0.361
1887,10,-0.499
1888,10,-0.095
1889,10,-0.298
1890,10,-0.498
1891,10,-0.322
1892,10,-0.441
1893,10,-0.274
1894,10,-0.444
1895,10,-0.337
1896,10,-0.123
1897,10,-0.258
1898,10,-0.556
1899,10,-0.188
1900,10,-0.058
1901,10,-0.298
1902,10,-0.477
1903,10,-0.653
1904,10,-0.473
1905,10,-0.363
1906,10,-0.351
1907,10,-0.359
1908,10,-0.579
1909,10,-0.481
1910,10,-0.482
1911,10,-0.465
1912,10,-0.641
1913,10,-0.425
1914,10,-0.146
1915,10,-0.255
1916,10,-0.395
1917,10,-0.385
1918,10,-0.095
1919,10,-0.296
1920,10,-0.233
1921,10,-0.142
1922,10,-0.33
1923,10,-0.27
1924,10,-0.316
1925,10,-0.309
1926,10,-0.088
1927,10,-0.038
1928,10,-0.161
1929,10,-0.176
1930,10,-0.089
1931,10,-0.046
1932,10,-0.176
1933,10,-0.204
1934,10,-0.091
1935,10,-0.075
1936,10,-0.006
1937,10,0.12
1938,10,0.141
1939,10,-0.278
1940,10,0.011
1941,10,0.216
1942,10,-0.084
1943,10,0.229
1944,10,0.209
1945,10,0.173
1946,10,-0.052
1947,10,0.068
1948,10,0.022
1949,10,-0.034
1950,10,-0.129
1951,10,0.135
1952,10,-0.007
1953,10,0.073
1954,10,-0.03
1955,10,-0.166
1956,10,-0.233
1957,10,-0.015
1958,10,0.014
1959,10,-0.034
1960,10,-0.027
1961,10,-0.033
1962,10,0.042
1963,10,0.225
1964,10,-0.267
1965,10,-0.024
1966,10,-0.104
1967,10,0.062
1968,10,-0.021
1969,10,0.031
1970,10,-0.075
1971,10,-0.165
1972,10,0.007
1973,10,-0.047
1974,10,-0.22
1975,10,-0.234
1976,10,-0.316
1977,10,-0.005
1978,10,-0.112
1979,10,0.135
1980,10,0.011
1981,10,0.004
1982,10,0.006
1983,10,0.099
1984,10,-0.022
1985,10,0.018
1986,10,0.066
1987,10,0.204
1988,10,0.139
1989,10,0.151
1990,10,0.332
1991,10,0.191
1992,10,-0.048
1993,10,0.109
1994,10,0.311
1995,10,0.336
1996,10,0.132
1997,10,0.558
1998,10,0.407
1999,10,0.253
2000,10,0.225
2001,10,0.421
2002,10,0.411
2003,10,0.612
2004,10,0.464
2005,10,0.614
2006,10,0.569
2007,10,0.467
2008,10,0.546
2009,10,0.516
2010,10,0.497
2011,10,0.458
2012,10,0.556
2013,10,0.516
2014,10,0.635
2015,10,0.845
2017,10,0.571
2018,10,0.678
2019,10,0.752
2020,10,0.617
2021,10,NA
1850,11,-0.187
1851,11,-0.02
1852,11,-0.193
1853,11,-0.255
1854,11,-0.367
1855,11,-0.214
1856,11,-0.608
1857,11,-0.668
1858,11,-0.643
1859,11,-0.315
1860,11,-0.515
1861,11,-0.417
1862,11,-0.766
1863,11,-0.329
1864,11,-0.472
1865,11,-0.2
1866,11,-0.309
1867,11,-0.314
1868,11,-0.505
1869,11,-0.371
1870,11,-0.17
1871,11,-0.538
1872,11,-0.244
1873,11,-0.464
1874,11,-0.501
1875,11,-0.503
1876,11,-0.586
1877,11,0.096
1878,11,-0.2
1879,11,-0.39
1880,11,-0.408
1881,11,-0.334
1882,11,-0.312
1883,11,-0.312
1884,11,-0.567
1885,11,-0.262
1886,11,-0.423
1887,11,-0.404
1888,11,-0.194
1889,11,-0.398
1890,11,-0.555
1891,11,-0.541
1892,11,-0.627
1893,11,-0.415
1894,11,-0.42
1895,11,-0.297
1896,11,-0.286
1897,11,-0.453
1898,11,-0.449
1899,11,0.028
1900,11,-0.263
1901,11,-0.442
1902,11,-0.538
1903,11,-0.634
1904,11,-0.387
1905,11,-0.218
1906,11,-0.427
1907,11,-0.581
1908,11,-0.596
1909,11,-0.42
1910,11,-0.652
1911,11,-0.374
1912,11,-0.518
1913,11,-0.264
1914,11,-0.183
1915,11,-0.138
1916,11,-0.572
1917,11,-0.386
1918,11,-0.05
1919,11,-0.532
1920,11,-0.289
1921,11,-0.301
1922,11,-0.292
1923,11,-0.021
1924,11,-0.361
1925,11,-0.063
1926,11,-0.109
1927,11,-0.173
1928,11,-0.153
1929,11,-0.072
1930,11,0.078
1931,11,-0.153
1932,11,-0.235
1933,11,-0.316
1934,11,0.022
1935,11,-0.308
1936,11,-0.071
1937,11,0.002
1938,11,0.021
1939,11,-0.129
1940,11,-0.067
1941,11,0.051
1942,11,-0.066
1943,11,0.014
1944,11,0.007
1945,11,-0.012
1946,11,-0.094
1947,11,0.047
1948,11,-0.059
1949,11,-0.081
1950,11,-0.391
1951,11,-0.035
1952,11,-0.186
1953,11,-0.067
1954,11,0.022
1955,11,-0.316
1956,11,-0.262
1957,11,0.055
1958,11,0.011
1959,11,-0.111
1960,11,-0.149
1961,11,-0.018
1962,11,0.01
1963,11,0.164
1964,11,-0.295
1965,11,-0.13
1966,11,-0.095
1967,11,-0.059
1968,11,-0.071
1969,11,0.131
1970,11,-0.05
1971,11,-0.086
1972,11,0.002
1973,11,-0.099
1974,11,-0.217
1975,11,-0.319
1976,11,-0.18
1977,11,0.141
1978,11,0.046
1979,11,0.146
1980,11,0.129
1981,11,0.072
1982,11,-0.009
1983,11,0.256
1984,11,-0.121
1985,11,-0.072
1986,11,-0.007
1987,11,0.197
1988,11,0.027
1989,11,0.06
1990,11,0.318
1991,11,0.16
1992,11,-0.084
1993,11,-0.036
1994,11,0.314
1995,11,0.324
1996,11,0.146
1997,11,0.501
1998,11,0.298
1999,11,0.241
2000,11,0.16
2001,11,0.613
2002,11,0.45
2003,11,0.457
2004,11,0.604
2005,11,0.627
2006,11,0.54
2007,11,0.391
2008,11,0.526
2009,11,0.55
2010,11,0.592
2011,11,0.353
2012,11,0.55
2013,11,0.66
2014,11,0.504
2015,11,0.84
2017,11,0.554
2018,11,0.59
2019,11,0.693
2020,11,0.761
2021,11,NA
1850,12,-0.257
1851,12,-0.051
1852,12,0.073
1853,12,-0.437
1854,12,-0.233
1855,12,-0.518
1856,12,-0.449
1857,12,-0.358
1858,12,-0.304
1859,12,-0.363
1860,12,-0.762
1861,12,-0.247
1862,12,-0.887
1863,12,-0.341
1864,12,-0.615
1865,12,-0.342
1866,12,-0.334
1867,12,-0.628
1868,12,-0.131
1869,12,-0.358
1870,12,-0.72
1871,12,-0.561
1872,12,-0.426
1873,12,-0.272
1874,12,-0.404
1875,12,-0.506
1876,12,-0.716
1877,12,0.17
1878,12,-0.356
1879,12,-0.515
1880,12,-0.294
1881,12,-0.13
1882,12,-0.471
1883,12,-0.323
1884,12,-0.415
1885,12,-0.155
1886,12,-0.42
1887,12,-0.395
1888,12,-0.169
1889,12,-0.179
1890,12,-0.411
1891,12,-0.115
1892,12,-0.793
1893,12,-0.34
1894,12,-0.41
1895,12,-0.318
1896,12,-0.034
1897,12,-0.477
1898,12,-0.346
1899,12,-0.45
1900,12,-0.075
1901,12,-0.428
1902,12,-0.526
1903,12,-0.604
1904,12,-0.407
1905,12,-0.199
1906,12,-0.283
1907,12,-0.525
1908,12,-0.568
1909,12,-0.591
1910,12,-0.666
1911,12,-0.293
1912,12,-0.484
1913,12,-0.232
1914,12,-0.249
1915,12,-0.253
1916,12,-0.629
1917,12,-0.635
1918,12,-0.232
1919,12,-0.46
1920,12,-0.358
1921,12,-0.147
1922,12,-0.308
1923,12,-0.014
1924,12,-0.53
1925,12,0.001
1926,12,-0.244
1927,12,-0.422
1928,12,-0.24
1929,12,-0.488
1930,12,-0.079
1931,12,-0.105
1932,12,-0.194
1933,12,-0.531
1934,12,-0.142
1935,12,-0.274
1936,12,-0.014
1937,12,-0.113
1938,12,-0.296
1939,12,0.229
1940,12,0.161
1941,12,0.095
1942,12,0
1943,12,0.191
1944,12,-0.034
1945,12,-0.202
1946,12,-0.361
1947,12,-0.175
1948,12,-0.198
1949,12,-0.19
1950,12,-0.25
1951,12,0.18
1952,12,-0.062
1953,12,0.091
1954,12,-0.232
1955,12,-0.337
1956,12,-0.209
1957,12,0.151
1958,12,0.03
1959,12,-0.069
1960,12,0.146
1961,12,-0.117
1962,12,-0.012
1963,12,-0.006
1964,12,-0.353
1965,12,-0.065
1966,12,-0.14
1967,12,-0.147
1968,12,-0.11
1969,12,0.194
1970,12,-0.166
1971,12,-0.199
1972,12,0.187
1973,12,-0.113
1974,12,-0.242
1975,12,-0.309
1976,12,-0.087
1977,12,-0.051
1978,12,-0.098
1979,12,0.355
1980,12,0.055
1981,12,0.265
1982,12,0.25
1983,12,0.089
1984,12,-0.274
1985,12,0.014
1986,12,0.01
1987,12,0.322
1988,12,0.146
1989,12,0.201
1990,12,0.248
1991,12,0.12
1992,12,0.082
1993,12,0.129
1994,12,0.246
1995,12,0.132
1996,12,0.232
1997,12,0.503
1998,12,0.472
1999,12,0.37
2000,12,0.157
2001,12,0.383
2002,12,0.325
2003,12,0.589
2004,12,0.355
2005,12,0.462
2006,12,0.691
2007,12,0.341
2008,12,0.395
2009,12,0.484
2010,12,0.334
2011,12,0.402
2012,12,0.271
2013,12,0.532
2014,12,0.655
2015,12,1.024
2017,12,0.6
2018,12,0.638
2019,12,0.88
2020,12,0.516
2021,12,NA
